Vehicle_ID,Velocity_Count
1,1196
2,4565
3,1731
4,2503
5,3622
6,1961
7,1676
8,2048
9,3824
10,3661
11,3956
12,2578
13,2880
14,2939
15,3378
16,1987
17,4434
18,2264
19,2899
20,2490
21,2398
22,2129
23,2948
24,3249
25,2330
26,2022
27,2830
28,2142
29,2897
30,2382
31,2942
32,2078
33,2167
34,3003
35,1940
36,3973
37,3601
38,2807
39,3815
40,2712
41,2492
42,3210
43,2207
44,1997
45,1481
46,1305
47,2135
48,2484
49,2491
50,3872
51,2442
52,1740
53,4312
54,2470
55,2750
56,2308
57,2303
58,1916
59,4298
60,2945
61,2043
62,2315
63,3377
64,2541
65,3555
66,4611
67,4009
68,3370
69,3057
70,3301
71,2980
72,2085
73,2895
74,3793
75,4881
76,3630
77,3753
78,2767
79,2574
80,2066
81,2830
82,3861
83,3584
84,4250
85,3979
86,2757
87,3820
88,5042
89,4115
90,3278
91,3475
92,3354
93,3586
94,3977
95,6183
96,4880
97,1967
98,2051
99,2792
100,3320
101,1692
102,1960
103,2791
104,2939
105,3617
106,3954
107,2715
108,2220
109,2867
110,2259
111,2317
112,3950
113,3557
114,3833
115,2757
116,4509
117,2800
118,5539
119,3542
120,5153
121,2237
122,3813
123,2694
124,4196
125,4494
126,3075
127,4611
128,2670
129,2402
130,3452
131,3029
132,2740
133,2250
134,4808
135,3137
136,5660
137,5471
138,3260
139,2449
140,2522
141,2258
142,4560
143,3629
144,3944
145,3267
146,4294
147,2148
148,2427
149,2856
150,2959
151,2384
152,3376
153,1975
154,4500
155,5579
156,2986
157,2494
158,3595
159,3182
160,4284
161,4601
162,3937
163,3636
164,4283
165,3621
166,3174
167,2930
168,3099
169,2793
170,4215
171,4254
172,4615
173,1838
174,2827
175,2655
176,2005
177,4491
178,2109
179,2339
180,2860
181,3026
182,3432
183,3351
184,3228
185,2299
186,3624
187,3505
188,2594
189,4108
190,2171
191,2985
192,3695
193,3732
194,3932
195,2229
196,2977
197,3519
198,4738
199,3588
200,5733
201,3624
202,4085
203,3342
204,3543
205,3730
206,4623
207,1505
208,3495
209,4906
210,3349
211,3244
212,5153
213,3454
214,4049
215,3927
216,3625
217,3285
218,3499
219,6228
220,4044
221,3894
222,2790
223,4578
224,2287
225,4591
226,2468
227,5770
228,5676
229,2104
230,1763
231,3039
232,2665
233,4337
234,5091
235,3604
236,2753
237,2348
238,2937
239,4287
240,3972
241,2950
242,3135
243,2773
244,4648
245,3776
246,3606
247,4041
248,2316
249,3443
250,2830
251,2787
252,4768
253,4105
254,3566
255,5669
256,4157
257,2770
258,2402
259,3154
260,2944
261,3919
262,4306
263,3618
264,1923
265,4515
266,3590
267,3978
268,2305
269,3427
270,4094
271,3935
272,3741
273,2153
274,4119
275,3805
276,2010
277,4448
278,2375
279,2767
280,4515
281,3022
282,4161
283,3282
284,3392
285,3679
286,3157
287,2481
288,2328
289,3849
290,4083
291,3199
292,3136
293,3277
294,2587
295,4449
296,4273
297,5076
298,3274
299,3726
300,4181
301,3259
302,3340
303,2828
304,2920
305,4348
306,3839
307,5476
308,5470
309,4090
310,3888
311,3624
312,2966
313,3124
314,5115
315,5108
316,3595
317,4126
318,3840
319,4938
320,6094
321,2255
322,3554
323,3299
324,4441
325,2513
326,2066
327,3137
328,3572
329,6335
330,3633
331,5071
332,4658
333,1138
334,4125
335,3685
336,6165
337,4096
338,3449
339,3709
340,4180
341,3669
342,3980
343,4860
344,3909
345,5004
346,4022
347,4716
348,2500
349,3941
350,4025
351,3149
352,4976
353,3411
354,4813
355,3584
356,3077
357,4374
358,5873
359,3951
360,3238
361,3336
362,2381
363,5563
364,4027
365,4733
366,5360
367,3388
368,4064
369,3213
370,6013
371,3121
372,4956
373,4516
374,4993
375,7043
376,4881
377,4615
378,4674
379,3650
380,6210
381,5732
382,3995
383,3236
384,2668
385,4983
386,4113
387,3854
388,4630
389,6159
390,3810
391,3781
392,5478
393,3969
394,4710
395,3957
396,8311
397,6023
398,4753
399,6345
400,4347
401,3049
402,4497
403,3606
404,4984
405,5577
406,3257
407,4623
408,4506
409,5485
410,5778
411,4915
412,3396
413,4963
414,1976
415,6043
416,4450
417,4890
418,5136
419,5325
420,4680
421,3762
422,3282
423,3163
424,2623
425,3302
426,6303
427,3720
428,2441
429,2484
430,4619
431,3895
432,6701
433,3364
434,3454
435,4268
436,5218
437,5159
438,3840
439,2871
440,5757
441,3393
442,4848
443,7004
444,3452
445,4896
446,5742
447,4511
448,2233
449,5390
450,4663
451,6459
452,3478
453,3385
454,3927
455,4126
456,4840
457,4449
458,5876
459,3139
460,4521
461,4872
462,2633
463,4883
464,6078
465,5421
466,3321
467,4694
468,7206
469,3236
470,2129
471,3338
472,5415
473,3358
474,3200
475,6351
476,6719
477,4964
478,3770
479,4934
480,5888
481,3798
482,3498
483,5132
484,4703
485,3882
486,4095
487,4698
488,3317
489,4965
490,4743
491,4097
492,6088
493,4485
494,5058
495,5209
496,5601
497,4656
498,5752
499,3279
500,5749
501,4922
502,4420
503,3110
504,4423
505,3241
506,2927
507,6051
508,2962
509,5514
510,3129
511,3722
512,5865
513,4242
514,4261
515,6364
516,3583
517,4026
518,5010
519,1880
520,4787
521,5093
522,3243
523,4882
524,4895
525,4463
526,4626
527,4124
528,3273
529,5043
530,6139
531,4274
532,4649
533,4820
534,3648
535,1695
536,2675
537,3535
538,4435
539,5588
540,4181
541,1771
542,2491
543,4276
544,5406
545,5943
546,4901
547,4669
548,4913
549,2892
550,3935
551,2205
552,2506
553,2085
554,4528
555,3216
556,4858
557,3787
558,3276
559,3498
560,3718
561,3687
562,5939
563,3105
564,4164
565,5802
566,4403
567,7441
568,2934
569,4415
570,5944
571,5401
572,5653
573,4268
574,5062
575,5480
576,2965
577,3884
578,4591
579,5090
580,5162
581,3151
582,4349
583,2818
584,5463
585,5761
586,2875
587,3132
588,4745
589,4205
590,4808
591,4171
592,3072
593,5624
594,4959
595,5444
596,2320
597,6984
598,3765
599,2998
600,2250
601,7253
602,1462
603,4684
604,5391
605,5186
606,2818
607,3981
608,2613
609,4728
610,4779
611,5982
612,3743
613,2314
614,5225
615,5270
616,6769
617,5569
618,6129
619,5257
620,4013
621,1549
622,4645
623,2092
624,6654
625,3895
626,3228
627,5561
628,3572
629,4559
630,3167
631,3507
632,5639
633,4327
634,2512
635,3392
636,6458
637,2957
638,5018
639,4598
640,3590
641,3516
642,4382
643,2051
644,2488
645,4742
646,4297
647,3869
648,2109
649,3987
650,6207
651,4566
652,4779
653,5228
654,4255
655,3810
656,3861
657,3891
658,3533
659,4951
660,2241
661,3877
662,4675
663,5134
664,5967
665,2988
666,3521
667,3853
668,5294
669,4508
670,5803
671,3483
672,4441
673,2591
674,4611
675,4667
676,1634
677,4045
678,3159
679,5585
680,5811
681,3590
682,2330
683,2749
684,2276
685,1497
686,4681
687,4467
688,3562
689,3932
690,4037
691,2415
692,4128
693,2415
694,5558
695,3325
696,4253
697,5276
698,4012
699,4077
700,4266
701,5526
702,5241
703,7099
704,5069
705,7508
706,6132
707,5105
708,5734
709,6162
710,4849
711,5320
712,4236
713,4053
714,5840
715,5442
716,5988
717,4274
718,4836
719,4164
720,2430
721,4002
722,4447
723,5037
724,3289
725,5966
726,4436
727,5081
728,5346
729,3737
730,2980
731,1998
732,3729
733,2982
734,3785
735,4370
736,1757
737,3761
738,5006
739,3908
740,5627
741,3785
742,6223
743,4716
744,3442
745,3880
746,4534
747,5234
748,4364
749,6330
750,3086
751,4202
752,5104
753,4291
754,5154
755,5533
756,4425
757,4501
758,5133
759,5771
760,3977
761,5345
762,4180
763,4462
764,3283
765,4544
766,3638
767,4723
768,4338
769,4847
770,4298
771,3831
772,2843
773,5627
774,3690
775,4105
776,4758
777,3807
778,3574
779,3974
780,4627
781,3996
782,4421
783,5765
784,4265
785,4668
786,5808
787,6047
788,5063
789,3517
790,3809
791,4380
792,4487
793,4632
794,6451
795,2979
796,3942
797,3846
798,4053
799,4013
800,3404
801,4632
802,3699
803,3035
804,2391
805,5126
806,3019
807,2821
808,3806
809,5404
810,5244
811,4489
812,2596
813,4253
814,3876
815,4512
816,3391
817,4564
818,4584
819,3489
820,3051
821,3709
822,4603
823,3128
824,3261
825,3199
826,4992
827,4085
828,4416
829,3252
830,2486
831,6280
832,5453
833,2819
834,4428
835,2818
836,2367
837,4539
838,3708
839,4902
840,2052
841,3812
842,3976
843,4025
844,3691
845,2699
846,4568
847,4145
848,3807
849,2132
850,4999
851,5320
852,2321
853,1798
854,3838
855,2892
856,4352
857,3440
858,3746
859,4859
860,6063
861,3329
862,3318
863,2971
864,4202
865,4155
866,3881
867,2683
868,2716
869,6288
870,3127
871,2140
872,3003
873,2479
874,5637
875,3376
876,4550
877,3856
878,3747
879,2665
880,3721
881,4010
882,6038
883,4462
884,3429
885,1382
886,4618
887,4503
888,2335
889,4052
890,6262
891,2489
892,3215
893,3243
894,2312
895,4093
896,4924
897,4528
898,3767
899,3665
900,4754
901,4811
902,3649
903,6172
904,4450
905,2572
906,5787
907,4217
908,2847
909,6434
910,2335
911,2837
912,3893
913,3698
914,4092
915,4752
916,2517
917,2375
918,5593
919,6895
920,3453
921,3445
922,2868
923,4481
924,4393
925,4622
926,4345
927,3712
928,4491
929,3526
930,3139
931,5030
932,3940
933,3507
934,3830
935,4037
936,3920
937,5045
938,5015
939,3114
940,3563
941,1364
942,4445
943,3328
944,4168
945,5959
946,4627
947,4376
948,6129
949,3740
950,3431
951,5114
952,3455
953,4926
954,4924
955,5329
956,4777
957,4781
958,5891
959,2775
960,4263
961,5383
962,4467
963,4619
964,3923
965,3499
966,6483
967,5827
968,6366
969,3222
970,4358
971,4545
972,3769
973,5644
974,4006
975,4362
976,4610
977,5369
978,3504
979,5652
980,4663
981,4366
982,6029
983,3637
984,3855
985,5084
986,6200
987,4103
988,4630
989,3759
990,4359
991,4765
992,3237
993,4594
994,3678
995,3480
996,4241
997,3913
998,3881
999,4527
1000,5422
1001,4263
1002,2080
1003,6778
1004,5350
1005,3219
1006,3107
1007,4611
1008,5611
1009,6004
1010,3791
1011,5639
1012,5027
1013,3928
1014,4028
1015,3107
1016,2253
1017,4713
1018,3278
1019,2336
1020,4061
1021,3101
1022,4508
1023,6768
1024,4683
1025,3171
1026,6436
1027,6864
1028,2717
1029,4796
1030,6349
1031,4723
1032,3641
1033,3808
1034,3011
1035,3549
1036,3407
1037,5830
1038,3978
1039,3441
1040,4720
1041,5538
1042,5455
1043,3466
1044,3020
1045,5413
1046,3539
1047,3764
1048,3676
1049,3307
1050,4065
1051,3088
1052,1855
1053,3460
1054,2988
1055,4175
1056,4132
1057,5577
1058,3447
1059,3216
1060,3760
1061,3042
1062,3433
1063,3126
1064,5071
1065,4066
1066,3167
1067,4058
1068,3902
1069,4757
1070,3602
1071,3672
1072,4013
1073,3546
1074,4041
1075,4315
1076,3158
1077,4007
1078,4189
1079,5819
1080,5025
1081,4226
1082,6664
1083,4589
1084,5608
1085,4160
1086,3777
1087,5440
1088,3792
1089,5303
1090,4766
1091,4484
1092,2987
1093,3526
1094,4088
1095,3356
1096,3742
1097,3495
1098,4235
1099,2596
1100,3939
1101,4599
1102,4946
1103,5384
1104,4367
1105,3391
1106,2328
1107,4123
1108,3266
1109,4231
1110,5694
1111,2082
1112,4612
1113,4034
1114,5926
1115,3359
1116,5128
1117,3843
1118,3814
1119,4635
1120,3490
1121,5709
1122,4849
1123,5136
1124,4751
1125,4974
1126,2617
1127,5514
1128,4545
1129,3802
1130,4202
1131,5954
1132,3368
1133,4537
1134,4189
1135,3149
1136,5625
1137,4444
1138,5036
1139,3129
1140,4126
1141,2463
1142,4249
1143,4699
1144,5573
1145,4627
1146,2941
1147,5662
1148,2969
1149,2662
1150,2948
1151,1586
1152,4680
1153,5272
1154,5577
1155,6260
1156,2168
1157,5452
1158,6275
1159,2529
1160,3815
1161,2857
1162,3789
1163,3274
1164,5170
1165,4771
1166,3903
1167,2975
1168,5299
1169,2298
1170,5391
1171,5013
1172,3478
1173,5131
1174,4562
1175,3403
1176,7032
1177,4872
1178,5463
1179,4279
1180,4142
1181,5867
1182,5514
1183,5642
1184,3487
1185,5153
1186,2541
1187,5616
1188,5818
1189,4351
1190,4590
1191,2714
1192,6269
1193,3089
1194,4569
1195,3859
1196,2929
1197,4478
1198,4520
1199,5453
1200,4240
1201,4543
1202,4030
1203,1899
1204,5106
1205,4892
1206,5972
1207,3689
1208,3039
1209,3644
1210,6395
1211,3803
1212,2949
1213,4279
1214,4798
1215,3571
1216,3298
1217,3550
1218,4271
1219,6126
1220,4245
1221,5025
1222,2201
1223,4623
1224,3661
1225,5158
1226,4994
1227,3988
1228,4180
1229,3984
1230,3048
1231,4490
1232,6541
1233,4353
1234,5641
1235,5812
1236,2820
1237,4520
1238,2710
1239,4141
1240,4949
1241,3894
1242,3840
1243,4429
1244,5844
1245,3607
1246,4186
1247,3277
1248,3941
1249,3785
1250,4574
1251,4761
1252,2928
1253,4734
1254,4083
1255,4575
1256,4130
1257,3460
1258,3389
1259,4802
1260,3255
1261,5293
1262,5218
1263,4085
1264,3360
1265,3072
1266,4079
1267,2272
1268,3621
1269,4685
1270,4305
1271,3921
1272,4067
1273,3697
1274,2802
1275,5182
1276,5058
1277,3838
1278,3620
1279,4204
1280,2044
1281,3844
1282,4185
1283,3935
1284,4906
1285,3809
1286,2860
1287,5415
1288,2536
1289,6483
1290,3526
1291,3769
1292,4848
1293,4834
1294,3962
1295,1809
1296,3867
1297,4266
1298,3519
1299,4770
1300,5481
1301,4634
1302,5133
1303,5064
1304,3083
1305,4352
1306,4638
1307,5193
1308,5661
1309,5610
1310,3138
1311,5271
1312,4904
1313,3672
1314,4559
1315,3333
1316,1932
1317,4824
1318,4333
1319,3766
1320,5570
1321,3270
1322,5530
1323,5125
1324,5753
1325,4582
1326,4674
1327,4386
1328,3548
1329,2485
1330,2413
1331,5353
1332,4201
1333,3760
1334,3465
1335,3461
1336,6071
1337,5026
1338,5357
1339,3033
1340,2751
1341,3664
1342,4810
1343,5892
1344,3615
1345,2335
1346,3835
1347,2922
1348,3699
1349,3464
1350,6130
1351,4193
1352,3313
1353,3809
1354,3809
1355,2190
1356,2238
1357,3142
1358,5520
1359,4219
1360,3871
1361,5586
1362,2791
1363,4784
1364,5050
1365,4453
1366,2966
1367,4469
1368,3046
1369,3887
1370,3704
1371,4444
1372,4899
1373,2532
1374,4749
1375,3589
1376,2991
1377,3078
1378,3049
1379,1596
1380,2028
1381,2873
1382,5430
1383,3528
1384,2810
1385,4727
1386,6076
1387,5205
1388,4204
1389,4106
1390,5118
1391,3855
1392,4739
1393,3524
1394,5216
1395,3435
1396,2636
1397,4590
1398,2372
1399,4601
1400,4747
1401,3690
1402,2422
1403,4350
1404,4079
1405,4723
1406,3469
1407,4034
1408,2822
1409,4114
1410,3560
1411,3518
1412,5614
1413,4661
1414,3899
1415,3481
1416,3718
1417,4331
1418,2808
1419,3644
1420,2479
1421,5497
1422,5458
1423,4037
1424,3473
1425,5294
1426,2993
1427,4252
1428,2148
1429,3089
1430,5691
1431,5104
1432,5589
1433,1435
1434,3069
1435,4910
1436,2713
1437,2628
1438,5179
1439,2009
1440,2464
1441,3955
1442,2636
1443,3280
1444,3969
1445,4857
1446,3489
1447,3060
1448,2719
1449,4088
1450,2856
1451,2166
1452,6077
1453,4058
1454,4035
1455,4289
1456,4737
1457,2724
1458,1758
1459,5282
1460,1686
1461,1831
1462,2084
1463,3615
1464,910
1465,678
1466,3310
1467,4838
1468,5137
1469,3416
1470,2307
1471,5089
1472,2536
1473,5433
1474,2554
1475,4314
1476,6197
1477,4902
1478,2817
1479,3946
1480,3811
1481,5052
1482,4507
1483,4455
1484,3269
1485,3164
1486,4752
1487,2430
1488,1814
1489,4272
1490,2774
1491,1435
1492,2302
1493,3082
1494,2519
1495,3684
1496,3664
1497,3445
1498,2540
1499,3722
1500,3160
1501,1724
1502,2153
1503,2971
1504,1710
1505,4416
1506,3377
1507,4832
1508,4224
1509,4597
1510,2095
1511,1174
1512,2158
1513,2614
1514,4102
1515,3822
1516,2199
1517,3824
1518,3039
1519,3831
1520,2043
1521,2609
1522,1736
1523,3725
1524,3704
1525,4441
1526,4690
1527,1587
1528,3344
1529,4046
1530,2988
1531,1880
1532,4214
1533,4265
1534,2532
1535,1729
1536,4966
1537,3356
1538,3993
1539,4896
1540,4187
1541,2551
1542,2521
1543,5421
1544,3932
1545,3166
1546,2905
1547,3704
1548,3326
1549,4407
1550,3659
1551,6520
1552,3789
1553,4647
1554,4430
1555,4658
1556,2632
1557,3777
1558,5496
1559,2666
1560,1618
1561,4571
1562,4507
1563,2020
1564,4085
1565,3333
1566,4559
1567,2843
1568,2345
1569,1885
1570,5047
1571,2490
1572,3180
1573,4076
1574,3965
1575,3829
1576,2042
1577,2103
1578,3931
1579,3459
1580,2904
1581,3766
1582,3158
1583,4736
1584,3461
1585,1596
1586,4090
1587,1721
1588,2796
1589,3602
1590,3118
1591,1381
1592,3942
1593,3829
1594,3740
1595,4132
1596,3622
1597,2807
1598,1192
1599,1964
1600,4341
1601,3715
1602,4048
1603,2109
1604,3532
1605,3266
1606,1706
1607,2006
1608,1687
1609,3203
1610,3469
1611,1466
1612,3007
1613,3612
1614,3084
1615,2245
1616,3614
1617,3363
1618,5178
1619,3077
1620,1500
1621,4500
1622,1271
1623,2939
1624,1498
1625,3650
1626,3605
1627,1446
1628,1713
1629,4157
1630,3011
1631,3847
1632,1055
1633,1555
1634,1744
1635,3329
1636,3326
1637,3161
1638,2573
1639,3367
1640,3900
1641,3053
1642,1894
1643,2792
1644,2911
1645,3675
1646,1158
1647,3879
1648,1849
1649,3040
1650,3344
1651,1849
1652,1174
1653,3667
1654,3838
1655,2977
1656,2046
1657,1335
1658,1325
1659,2267
1660,1135
1661,1465
1662,2736
1663,2413
1664,1894
1665,2054
1666,2148
1667,2919
1668,2852
1669,3548
1670,1281
1671,2403
1672,2537
1673,2759
1674,1431
1675,2557
1676,2957
1677,1744
1678,1510
1679,2624
1680,2837
1681,2645
1682,1491
1683,1587
1684,2297
1685,2974
1686,2200
1687,2000
1688,1684
1689,4566
1690,2584
1691,2956
1692,2452
1693,2126
1694,2782
1695,2368
1696,1737
1697,1672
1698,1320
1699,2240
1700,2658
1701,2744
1702,2617
1703,2593
1704,2663
1705,1835
1706,2315
1707,2825
1708,4253
1709,2653
1710,1520
1711,2153
1712,3176
1713,1132
1714,2894
1715,1511
1716,2534
1717,2633
1718,3026
1719,1586
1720,1780
1721,2276
1722,2842
1723,1763
1724,2218
1725,2534
1726,1902
1727,2864
1728,2413
1729,3037
1730,1198
1731,2968
1732,2613
1733,1768
1734,2808
1735,2854
1736,1908
1737,3079
1738,1744
1739,2092
1740,2279
1741,2678
1742,2677
1743,2924
1744,3062
1745,2236
1746,1567
1747,2205
1748,2751
1749,2472
1750,1748
1751,2008
1752,2759
1753,2447
1754,1703
1755,2815
1756,1929
1757,2339
1758,3262
1759,2612
1760,2226
1761,3138
1762,4516
1763,4327
1764,3304
1765,2667
1766,2857
1767,3541
1768,3165
1769,4221
1770,2441
1771,3601
1772,1958
1773,3485
1774,2856
1775,3814
1776,1591
1777,3812
1778,2829
1779,2429
1780,3400
1781,2776
1782,2803
1783,2427
1784,1265
1785,785
1786,645
1787,2621
1788,4729
1789,2515
1790,2486
1791,1303
1792,2825
1793,3889
1794,2360
1795,4577
1796,4325
1797,3081
1798,2590
1799,2615
1800,4066
1801,3129
1802,2435
1803,2580
1804,2436
1805,3549
1806,4163
1807,2517
1808,2801
1809,2890
1810,4116
1811,2398
1812,2267
1813,4466
1814,3738
1815,1129
1816,1035
1817,2490
1818,3857
1819,2607
1820,1549
1821,4341
1822,2131
1823,2231
1824,3700
1825,2983
1826,1223
1827,3646
1828,2414
1829,1493
1830,1374
1831,2669
1832,2854
1833,4403
1834,4108
1835,4752
1836,4217
1837,1117
1838,2940
1839,3589
1840,5151
1841,4632
1842,2612
1843,961
1844,2924
1845,2301
1846,2335
1847,2938
1848,3470
1849,4111
1850,2651
1851,4442
1852,1788
1853,3255
1854,3581
1855,2299
1856,4168
1857,2625
1858,4124
1859,3178
1860,4576
1861,4110
1862,3083
1863,2231
1864,2163
1865,1481
1866,1349
1867,2692
1868,4311
1869,3198
1870,2551
1871,2690
1872,1306
1873,3648
1874,4244
1875,1289
1876,3078
1877,3018
1878,3427
1879,3616
1880,2110
1881,4281
1882,2674
1883,2133
1884,2582
1885,2800
1886,3450
1887,3496
1888,3186
1889,5007
1890,2604
1891,3543
1892,1732
1893,2074
1894,2507
1895,4097
1896,2381
1897,3931
1898,2594
1899,2883
1900,3490
1901,3695
1902,2606
1903,3031
1904,3193
1905,3655
1906,4254
1907,3181
1908,4428
1909,4178
1910,3354
1911,2183
1912,3349
1913,3179
1914,4483
1915,4208
1916,1325
1917,2858
1918,3127
1919,3422
1920,2681
1921,2916
1922,2051
1923,3673
1924,3267
1925,4253
1926,3884
1927,2816
1928,2152
1929,2686
1930,1930
1931,3152
1932,3503
1933,4028
1934,3511
1935,3125
1936,1268
1937,2918
1938,2500
1939,2452
1940,4171
1941,4055
1942,3957
1943,2921
1944,2234
1945,3216
1946,3159
1947,2414
1948,1925
1949,2236
1950,1379
1951,3748
1952,2028
1953,3496
1954,239
1955,1068
1956,3814
1957,3273
1958,2156
1959,531
1960,2049
1961,3608
1962,2582
1963,3266
1964,2563
1965,1884
1966,3021
1967,3176
1968,2580
1969,2250
1970,1735
1971,1932
1972,3285
1973,3889
1974,2149
1975,2474
1976,2216
1977,2241
1978,1014
1979,2049
1980,1555
1981,1704
1982,552
1983,358
1984,1946
1985,2071
1986,1141
1987,1752
1988,1894
1989,1186
1990,1308
1991,872
1992,1182
1993,1719
1994,3257
1995,3245
1996,2916
1997,3284
1998,1414
1999,3224
2000,2361
2001,3692
2002,3457
2003,1681
2004,3719
2005,2171
2006,1702
2007,2410
2008,3481
2009,1210
2010,917
2011,394
2012,2028
2013,1515
2014,3146
2015,2073
2016,3128
2017,3357
2018,2713
2019,1973
2020,1390
2021,2439
2022,2221
2023,1680
2024,3190
2025,1204
2026,393
2027,1844
2028,400
2029,1986
2030,1260
2031,4052
2032,2811
2033,3835
2034,2843
2035,2069
2036,2013
2037,2030
2038,985
2039,3172
2040,1701
2041,1901
2042,2076
2043,957
2044,3760
2045,1448
2046,1657
2047,1040
2048,2524
2049,1915
2050,1769
2051,2081
2052,1967
2053,2517
2054,4076
2055,2469
2056,3038
2057,3680
2058,180
2059,1803
2060,1265
2061,2707
2062,3246
2063,2459
2064,3067
2065,3701
2066,749
2067,1800
2068,377
2069,1524
2070,2590
2071,2028
2072,3678
2073,1676
2074,3046
2075,2195
2076,3014
2077,1588
2078,346
2079,1895
2080,1411
2081,1779
2082,3821
2083,2171
2084,2515
2085,2180
2086,1881
2087,1508
2088,3618
2089,4270
2090,2477
2091,367
2092,1810
2093,1929
2094,2549
2095,2441
2096,1495
2097,1477
2098,2501
2099,2329
2100,1399
2101,1713
2102,2828
2103,3364
2104,1635
2105,3679
2106,3189
2107,3318
2108,1163
2109,2218
2110,1696
2111,3438
2112,3057
2113,2266
2114,1253
2115,4989
2116,5065
2117,2560
2118,3672
2119,2712
2120,1568
2121,1933
2122,4796
2123,2832
2124,1764
2125,1555
2126,732
2127,865
2128,2724
2129,1576
2130,2919
2131,2593
2132,4339
2133,2118
2134,3153
2135,3144
2136,2730
2137,4006
2138,4115
2139,3428
2140,3175
2141,3060
2142,3273
2143,622
2144,3975
2145,1890
2146,2880
2147,2010
2148,4702
2149,3207
2150,1168
2151,2630
2152,3090
2153,4037
2154,1533
2155,2155
2156,3392
2157,1531
2158,5029
2159,5096
2160,3235
2161,1815
2162,2238
2163,2156
2164,2190
2165,2920
2166,1890
2167,1562
2168,3329
2169,3005
2170,3971
2171,1945
2172,2959
2173,2510
2174,2096
2175,3458
2176,1917
2177,1383
2178,1383
2179,1417
2180,985
2181,2384
2182,1619
2183,3009
2184,2268
2185,3949
2186,3780
2187,2607
2188,2642
2189,5223
2190,1265
2191,1297
2192,3200
2193,2806
2194,2774
2195,3066
2196,927
2197,2323
2198,4345
2199,1677
2200,2903
2201,2321
2202,3330
2203,1714
2204,503
2205,3820
2206,2429
2207,888
2208,4815
2209,3170
2210,1412
2211,4425
2212,3193
2213,3541
2214,661
2215,1614
2216,2788
2217,2591
2218,1976
2219,1689
2220,2585
2221,2079
2222,1670
2223,704
2224,4516
2225,721
2226,1179
2227,1427
2228,1293
2229,1258
2230,929
2231,758
2232,2349
2233,2769
2234,1067
2235,2533
2236,2680
2237,1418
2238,1004
2239,2087
2240,3389
2241,2763
2242,1148
2243,3885
2244,927
2245,4231
2246,2038
2247,4088
2248,900
2249,1199
2250,2471
2251,2538
2252,3599
2253,1278
2254,2864
2255,481
2256,2085
2257,1303
2258,3466
2259,4028
2260,2625
2261,2564
2262,3052
2263,4395
2264,2966
2265,2440
2266,3429
2267,3475
2268,2062
2269,176
2270,926
2271,1229
2272,2554
2273,2094
2274,1914
2275,1069
2276,1611
2277,1710
2278,3605
2279,1198
2280,3658
2281,1764
2282,2847
2283,1879
2284,649
2285,3498
2286,3392
2287,2982
2288,1956
2289,2599
2290,2419
2291,510
2292,3515
2293,1123
2294,2452
2295,1032
2296,2011
2297,2726
2298,2198
2299,769
2300,3821
2301,3398
2302,2608
2303,2357
2304,3162
2305,2111
2306,2327
2307,2652
2308,1306
2309,1444
2310,490
2311,1950
2312,3694
2313,818
2314,2455
2315,1800
2316,1450
2317,876
2318,2359
2319,2209
2320,4663
2321,2307
2322,3073
2323,580
2324,1552
2325,2866
2326,1004
2327,1831
2328,4562
2329,1902
2330,3008
2331,1434
2332,4187
2333,3735
2334,1683
2335,1864
2336,1049
2337,2581
2338,708
2339,1117
2340,3712
2341,2472
2342,3154
2343,2949
2344,3625
2345,1081
2346,574
2347,2650
2348,2370
2349,2581
2350,1185
2351,3259
2352,1238
2353,1191
2354,1112
2355,3512
2356,2522
2357,1144
2358,2512
2359,1123
2360,4274
2361,2694
2362,3308
2363,1682
2364,3311
2365,2414
2366,3670
2367,1052
2368,2937
2369,2640
2370,2246
2371,2643
2372,2796
2373,586
2374,2464
2375,1008
2376,3683
2377,1061
2378,1676
2379,3462
2380,829
2381,1788
2382,884
2383,3278
2384,2654
2385,2883
2386,983
2387,2307
2388,1771
2389,2186
2390,2010
2391,4692
2392,2916
2393,2476
2394,2979
2395,4756
2396,3041
2397,1218
2398,2824
2399,4954
2400,2478
2401,2815
2402,2776
2403,1198
2404,3987
2405,1854
2406,1363
2407,2414
2408,700
2409,230
2410,2431
2411,2903
2412,4340
2413,3625
2414,3473
2415,4522
2416,2808
2417,2360
2418,1251
2419,1586
2420,2361
2421,2144
2422,1990
2423,3994
2424,2201
2425,2404
2426,1273
2427,4624
2428,2955
2429,2445
2430,594
2431,2865
2432,2964
2433,4655
2434,2633
2435,3758
2436,1177
2437,2627
2438,2153
2439,3360
2440,1334
2441,3416
2442,2732
2443,5197
2444,4220
2445,3255
2446,1823
2447,3394
2448,2688
2449,1661
2450,1274
2451,198
2452,1980
2453,3041
2454,2534
2455,4106
2456,3023
2457,2661
2458,3874
2459,1340
2460,4204
2461,939
2462,3376
2463,4101
2464,4841
2465,484
2466,3643
2467,4904
2468,2422
2469,2469
2470,2228
2471,1493
2472,1142
2473,2988
2474,3575
2475,4669
2476,2567
2477,1134
2478,3573
2479,4892
2480,5087
2481,2570
2482,1512
2483,5455
2484,4162
2485,2705
2486,3923
2487,3919
2488,3034
2489,621
2490,1507
2491,2932
2492,1039
2493,1538
2494,1445
2495,756
2496,629
2497,3337
2498,2283
2499,2502
2500,2973
2501,2181
2502,1015
2503,2951
2504,824
2505,1294
2506,2704
2507,592
2508,1870
2509,2404
2510,1627
2511,1801
2512,2453
2513,1563
2514,1577
2515,3791
2516,1976
2517,2691
2518,2824
2519,2923
2520,2685
2521,2437
2522,1324
2523,1523
2524,1600
2525,2298
2527,1121
2528,3711
2529,1279
2530,1255
2531,2314
2532,1643
2533,1635
2534,1039
2535,719
2536,3573
2537,1942
2538,3033
2539,1448
2540,1412
2541,402
2542,3305
2543,2386
2544,3105
2545,576
2546,1551
2547,1301
2548,1654
2549,1534
2550,3344
2551,765
2552,2897
2553,2164
2554,1375
2555,2186
2556,1691
2557,1235
2558,1694
2559,393
2560,2126
2561,2553
2562,1615
2563,1610
2564,1463
2565,654
2566,2047
2567,2662
2568,2692
2569,1010
2570,1663
2571,1631
2572,3621
2573,713
2574,1010
2575,1816
2576,2063
2577,264
2578,927
2579,1349
2580,706
2581,1650
2582,3444
2583,2991
2584,1600
2585,1768
2586,1682
2587,1308
2588,1535
2589,2308
2590,3597
2591,1642
2592,1325
2593,956
2594,3063
2595,3599
2596,1288
2597,1967
2598,1725
2599,2812
2600,451
2601,374
2602,2619
2603,1604
2604,696
2605,2946
2607,786
2608,2006
2609,2275
2610,908
2611,2094
2612,2518
2613,1281
2614,1039
2615,2300
2616,1945
2617,1376
2618,3398
2619,1675
2620,1146
2621,1412
2622,367
2623,933
2624,1082
2625,965
2628,881
2629,669
2630,1478
2631,968
2633,1297
2634,2024
2635,2078
2636,365
2637,888
2638,997
2639,2153
2640,2297
2641,3021
2642,2100
2643,877
2644,712
2645,941
2646,2147
2648,706
2649,880
2650,918
2652,1392
2653,954
2654,2131
2656,922
2657,1996
2658,926
2659,942
2660,902
2661,1330
2662,2048
2663,725
2664,671
2665,590
2667,407
2668,2769
2669,1796
2670,2973
2671,724
2672,875
2673,569
2674,2859
2675,2709
2678,1966
2679,820
2680,2313
2681,1469
2682,718
2683,1312
2685,403
2686,2207
2687,1127
2688,2870
2689,1796
2690,1842
2691,885
2692,833
2693,1160
2694,2130
2695,2388
2696,741
2697,2709
2698,2109
2699,2691
2700,2826
2701,1347
2702,1216
2703,2511
2704,1622
2705,867
2706,818
2707,817
2708,423
2709,737
2710,742
2711,2500
2713,848
2714,1242
2715,741
2716,848
2717,2179
2718,2387
2719,809
2720,1305
2722,431
2723,834
2724,1757
2725,2828
2726,2658
2727,1204
2728,1841
2729,805
2730,1473
2731,1980
2732,850
2733,438
2734,864
2735,776
2736,630
2737,820
2738,1176
2739,428
2740,792
2741,809
2742,2030
2743,1047
2744,1966
2745,1826
2748,795
2749,808
2750,823
2751,1181
2752,1245
2753,815
2754,765
2755,2172
2757,671
2758,2415
2759,1030
2760,222
2761,1022
2762,964
2763,759
2764,1315
2765,178
2766,1377
2767,1398
2768,1039
2769,1944
2770,1946
2771,231
2772,936
2773,1329
2774,621
2775,2140
2776,1230
2777,207
2778,804
2779,796
2780,1613
2781,60
2782,1785
2783,2121
2785,1048
2786,1292
2787,438
2788,1865
2791,794
2792,988
2793,2002
2794,2807
2795,780
2796,621
2797,414
2799,1329
2800,919
2802,791
2803,240
2804,996
2805,856
2806,78
2807,1583
2808,2241
2809,2361
2810,66
2811,1874
2812,1467
2813,666
2814,990
2815,70
2816,1933
2817,2317
2818,661
2819,2133
2820,1005
2821,890
2822,2122
2823,2682
2824,1425
2825,2027
2826,975
2827,1233
2828,2225
2829,2613
2830,1414
2831,1762
2832,788
2833,1004
2834,1022
2835,1141
2836,1110
2837,2773
2838,2233
2839,816
2840,822
2841,2171
2842,2137
2843,840
2844,183
2845,1142
2846,1427
2847,672
2848,2339
2849,964
2850,1489
2851,2053
2853,2143
2854,954
2855,1061
2856,1390
2857,645
2858,2489
2859,794
2860,2431
2861,1447
2862,1597
2863,1469
2864,1232
2865,1412
2866,509
2867,443
2868,1771
2869,1385
2870,1361
2871,1237
2872,1241
2873,1043
2874,1026
2875,975
2876,962
2877,1118
2878,808
2879,891
2880,1027
2881,1191
2883,169
2885,213
2886,865
2888,197
2889,223
2890,180
2891,799
2892,780
2893,534
2894,1041
2895,873
2896,812
2897,167
2898,1208
2899,1026
2900,763
2901,1018
2902,362
2903,804
2904,173
2906,962
2907,1014
2908,229
2910,1134
2911,1022
2912,1626
2913,1506
2914,979
2915,1546
2916,1567
2917,1069
2918,1325
2921,790
2922,1928
2923,1693
2924,1772
2925,804
2926,781
2927,747
2928,1937
2929,797
2930,1590
2931,1514
2932,1573
2933,764
2934,365
2935,757
2937,352
2938,1622
2939,1794
2940,1586
2941,1843
2942,1432
2943,1566
2944,350
2945,1177
2946,1109
2947,1203
2948,1803
2949,721
2950,798
2951,414
2952,787
2953,1734
2954,788
2955,703
2956,1617
2957,1091
2958,1323
2959,780
2961,725
2962,1532
2963,736
2964,925
2967,754
2968,799
2969,1901
2971,911
2972,1060
2973,1758
2974,1546
2975,733
2976,775
2977,773
2978,1524
2979,770
2980,768
2982,1494
2983,731
2984,1676
2985,1096
2986,740
2987,959
2988,738
2989,1050
2990,793
2991,1495
2992,1641
2993,1085
2994,987
2995,746
2996,1810
2997,821
2998,1108
2999,1356
3000,1547
3001,1369
3002,2005
3003,1670
3004,2277
3005,2371
3006,2666
3007,1936
3008,1571
3009,2480
3010,2428
3011,2380
3013,742
3014,1499
3015,1298
3016,333
3018,1453
3019,1683
3020,1119
3021,1637
3022,1489
3023,403
3024,1541
3025,990
3026,958
3027,813
3030,667
3031,958
3032,1548
3033,1383
3034,1276
3035,932
3036,660
3038,732
3039,661
3040,609
3041,966
3044,708
3046,658
3049,380
3050,382
3051,1143
3053,1085
3054,693
3055,936
3057,394
3059,726
3060,602
3061,1076
3063,703
3064,942
3065,627
3066,382
3067,1033
3071,373
3072,588
3073,823
3074,493
3076,972
3077,380
3078,588
3080,934
3084,642
3085,753
3086,724
3088,728
3089,494
3090,584
3091,364
3092,362
3093,627
3094,650
3095,716
3097,955
3100,927
3101,893
3102,1060
3103,840
3104,474
3105,534
3106,515
3107,282
3108,988
3109,1238
3110,669
3111,912
3113,607
3114,587
3115,365
3117,905
3118,348
3120,508
3121,818
3122,471
3123,657
3124,412
3125,608
3126,644
3127,655
3128,603
3129,826
3132,434
3133,704
3134,811
3135,333
3136,684
3138,599
3139,669
3140,599
3141,684
3143,706
3144,600
3146,361
3148,660
3150,483
3151,352
3152,598
3153,786
3154,809
3155,693
3156,710
3158,347
3159,572
3162,354
3163,747
3166,678
3167,714
3168,754
3169,690
3170,356
3171,565
3172,683
3173,351
3174,616
3175,777
3176,525
3178,275
3179,577
3180,351
3181,810
3183,701
3186,576
3187,344
3188,565
3191,701
3193,636
3194,848
3196,725
3197,343
3198,897
3199,575
3200,344
3205,345
3206,561
3208,669
3209,680
3210,682
3211,337
3212,677
3214,708
3215,561
3216,329
3217,613
3219,665
3221,812
3222,640
3223,748
3225,565
3226,755
3227,303
3228,593
3229,681
3230,557
3232,304
3233,605
3237,662
3238,621
3239,727
3240,807
3242,599
3244,302
3245,790
3246,500
3247,673
3248,313
3249,583
3252,597
3253,613
3254,770
3255,669
3256,560
3257,731
3258,314
3259,339
3260,589
3261,608
3262,316
3263,951
3264,605
3265,592
3270,321
3271,576
3272,615
3273,708
3274,967
3275,747
3277,548
3278,323
3279,712
3280,585
3281,791
3282,324
3284,580
3285,696
3286,590
3287,596
3288,792
3289,740
3290,585
3291,598
3292,352
3293,614
3294,336
3295,712
3296,736
3297,550
3299,599
3300,337
3301,568
3302,702
3304,601
3305,605
3306,561
3307,698
3308,847
3309,851
3312,316
3313,606
3314,616
3315,666
3317,310
3318,612
3319,687
3320,611
3321,785
3322,677
3323,680
3324,608
3325,890
3326,586
3327,317
3333,739
3340,722
3342,653
3343,536
3344,537
3345,672
3349,217
3352,839
3353,305
3354,282
3355,1192
3357,831
3360,697
3361,644
3362,473
3363,639
3364,740
3365,711
3366,291
